{
  "Total" : {
    "transaction" : "Total",
    "sampleCount" : 6,
    "errorCount" : 0,
    "errorPct" : 0.0,
    "meanResTime" : 298.0,
    "medianResTime" : 232.5,
    "minResTime" : 129.0,
    "maxResTime" : 687.0,
    "pct1ResTime" : 687.0,
    "pct2ResTime" : 687.0,
    "pct3ResTime" : 687.0,
    "throughput" : 0.29344158067198123,
    "receivedKBytesPerSec" : 16.58379552929525,
    "sentKBytesPerSec" : 0.09203481867755661
  },
  "HTTP Request" : {
    "transaction" : "HTTP Request",
    "sampleCount" : 6,
    "errorCount" : 0,
    "errorPct" : 0.0,
    "meanResTime" : 298.0,
    "medianResTime" : 232.5,
    "minResTime" : 129.0,
    "maxResTime" : 687.0,
    "pct1ResTime" : 687.0,
    "pct2ResTime" : 687.0,
    "pct3ResTime" : 687.0,
    "throughput" : 0.29344158067198123,
    "receivedKBytesPerSec" : 16.58379552929525,
    "sentKBytesPerSec" : 0.09203481867755661
  }
}