{
  "Total" : {
    "transaction" : "Total",
    "sampleCount" : 6,
    "errorCount" : 0,
    "errorPct" : 0.0,
    "meanResTime" : 428.0,
    "medianResTime" : 287.5,
    "minResTime" : 99.0,
    "maxResTime" : 988.0,
    "pct1ResTime" : 988.0,
    "pct2ResTime" : 988.0,
    "pct3ResTime" : 988.0,
    "throughput" : 0.2962085308056872,
    "receivedKBytesPerSec" : 58.3380387292654,
    "sentKBytesPerSec" : 0.07819828075631911
  },
  "HTTP Request" : {
    "transaction" : "HTTP Request",
    "sampleCount" : 6,
    "errorCount" : 0,
    "errorPct" : 0.0,
    "meanResTime" : 428.0,
    "medianResTime" : 287.5,
    "minResTime" : 99.0,
    "maxResTime" : 988.0,
    "pct1ResTime" : 988.0,
    "pct2ResTime" : 988.0,
    "pct3ResTime" : 988.0,
    "throughput" : 0.2962085308056872,
    "receivedKBytesPerSec" : 58.3380387292654,
    "sentKBytesPerSec" : 0.07819828075631911
  }
}